-- phpMyAdmin SQL Dump
-- version 4.8.5
-- https://www.phpmyadmin.net/
--
-- Host: 127.0.0.1
-- Generation Time: Dec 03, 2019 at 11:13 PM
-- Server version: 10.1.38-MariaDB
-- PHP Version: 7.3.2

SET SQL_MODE = "NO_AUTO_VALUE_ON_ZERO";
SET AUTOCOMMIT = 0;
START TRANSACTION;
SET time_zone = "+00:00";


/*!40101 SET @OLD_CHARACTER_SET_CLIENT=@@CHARACTER_SET_CLIENT */;
/*!40101 SET @OLD_CHARACTER_SET_RESULTS=@@CHARACTER_SET_RESULTS */;
/*!40101 SET @OLD_COLLATION_CONNECTION=@@COLLATION_CONNECTION */;
/*!40101 SET NAMES utf8mb4 */;

--
-- Database: `libreria`
--

-- --------------------------------------------------------

--
-- Table structure for table `apartados`
--

CREATE TABLE `apartados` (
  `id` bigint(20) UNSIGNED NOT NULL,
  `id_user` bigint(20) NOT NULL,
  `id_libro` bigint(20) NOT NULL,
  `created_at` timestamp NULL DEFAULT NULL,
  `updated_at` timestamp NULL DEFAULT NULL
) ENGINE=InnoDB DEFAULT CHARSET=utf8mb4 COLLATE=utf8mb4_unicode_ci;

--
-- Dumping data for table `apartados`
--

INSERT INTO `apartados` (`id`, `id_user`, `id_libro`, `created_at`, `updated_at`) VALUES
(2, 1, 1, '2019-11-30 01:28:48', '2019-11-30 01:28:48'),
(3, 1, 3, '2019-12-03 01:29:15', '2019-12-03 01:29:15');

-- --------------------------------------------------------

--
-- Table structure for table `clientes`
--

CREATE TABLE `clientes` (
  `id` bigint(20) UNSIGNED NOT NULL,
  `no_control` varchar(255) COLLATE utf8mb4_unicode_ci NOT NULL,
  `email` varchar(255) COLLATE utf8mb4_unicode_ci NOT NULL,
  `sexo` varchar(255) COLLATE utf8mb4_unicode_ci NOT NULL,
  `carrera` varchar(255) COLLATE utf8mb4_unicode_ci NOT NULL,
  `telefono` varchar(255) COLLATE utf8mb4_unicode_ci NOT NULL,
  `nombre` varchar(255) COLLATE utf8mb4_unicode_ci NOT NULL,
  `domicilio` varchar(255) COLLATE utf8mb4_unicode_ci NOT NULL,
  `created_at` timestamp NULL DEFAULT NULL,
  `updated_at` timestamp NULL DEFAULT NULL
) ENGINE=InnoDB DEFAULT CHARSET=utf8mb4 COLLATE=utf8mb4_unicode_ci;

-- --------------------------------------------------------

--
-- Table structure for table `failed_jobs`
--

CREATE TABLE `failed_jobs` (
  `id` bigint(20) UNSIGNED NOT NULL,
  `connection` text COLLATE utf8mb4_unicode_ci NOT NULL,
  `queue` text COLLATE utf8mb4_unicode_ci NOT NULL,
  `payload` longtext COLLATE utf8mb4_unicode_ci NOT NULL,
  `exception` longtext COLLATE utf8mb4_unicode_ci NOT NULL,
  `failed_at` timestamp NOT NULL DEFAULT CURRENT_TIMESTAMP
) ENGINE=InnoDB DEFAULT CHARSET=utf8mb4 COLLATE=utf8mb4_unicode_ci;

-- --------------------------------------------------------

--
-- Table structure for table `libros`
--

CREATE TABLE `libros` (
  `id` bigint(20) UNSIGNED NOT NULL,
  `titulo` varchar(255) COLLATE utf8mb4_unicode_ci NOT NULL,
  `autor` varchar(255) COLLATE utf8mb4_unicode_ci NOT NULL,
  `edicion` varchar(255) COLLATE utf8mb4_unicode_ci NOT NULL,
  `fecha_publicacion` varchar(255) COLLATE utf8mb4_unicode_ci NOT NULL,
  `editorial` varchar(255) COLLATE utf8mb4_unicode_ci NOT NULL,
  `contenido` varchar(255) COLLATE utf8mb4_unicode_ci NOT NULL,
  `tipo_material` varchar(255) COLLATE utf8mb4_unicode_ci NOT NULL,
  `isbn` varchar(255) COLLATE utf8mb4_unicode_ci NOT NULL,
  `coleccion` varchar(255) COLLATE utf8mb4_unicode_ci NOT NULL,
  `clasi_dewey` varchar(255) COLLATE utf8mb4_unicode_ci NOT NULL,
  `clasi_local` varchar(255) COLLATE utf8mb4_unicode_ci NOT NULL,
  `ejemplares` varchar(255) COLLATE utf8mb4_unicode_ci NOT NULL,
  `notas` varchar(255) COLLATE utf8mb4_unicode_ci NOT NULL,
  `nota_biblio` varchar(255) COLLATE utf8mb4_unicode_ci NOT NULL,
  `created_at` timestamp NULL DEFAULT NULL,
  `updated_at` timestamp NULL DEFAULT NULL
) ENGINE=InnoDB DEFAULT CHARSET=utf8mb4 COLLATE=utf8mb4_unicode_ci;

--
-- Dumping data for table `libros`
--

INSERT INTO `libros` (`id`, `titulo`, `autor`, `edicion`, `fecha_publicacion`, `editorial`, `contenido`, `tipo_material`, `isbn`, `coleccion`, `clasi_dewey`, `clasi_local`, `ejemplares`, `notas`, `nota_biblio`, `created_at`, `updated_at`) VALUES
(2, 'matematicas', 'x', '2', '2019', 'r', 'd', 'libro', '344', 's', 'matematicas', 'w', '2', 'x', 'x', '2019-11-30 01:30:33', '2019-11-30 01:30:33'),
(3, 'x', 'x', 'x', 'x', 'x', 'x', 'x', 'x', 'x', 'historia', 'x', 'x', 'x', 'x', '2019-11-30 01:31:51', '2019-11-30 01:31:51');

-- --------------------------------------------------------

--
-- Table structure for table `migrations`
--

CREATE TABLE `migrations` (
  `id` int(10) UNSIGNED NOT NULL,
  `migration` varchar(255) COLLATE utf8mb4_unicode_ci NOT NULL,
  `batch` int(11) NOT NULL
) ENGINE=InnoDB DEFAULT CHARSET=utf8mb4 COLLATE=utf8mb4_unicode_ci;

--
-- Dumping data for table `migrations`
--

INSERT INTO `migrations` (`id`, `migration`, `batch`) VALUES
(1, '2014_10_12_000000_create_users_table', 1),
(2, '2014_10_12_100000_create_password_resets_table', 1),
(3, '2019_08_19_000000_create_failed_jobs_table', 1),
(4, '2019_11_06_052308_create_roles_table', 1),
(5, '2019_11_06_052846_create_role_user_table', 1),
(30, '2019_11_18_174312_create_libros_table', 2),
(31, '2019_11_18_174548_create_clientes_table', 2),
(32, '2019_11_18_174635_create_prestamos_table', 2),
(33, '2019_11_28_164744_create_pedidos_table', 2),
(34, '2019_11_28_170422_create_prestamos2_table', 2),
(35, '2019_11_29_061803_create_role_user_table', 3),
(36, '2019_11_29_055832_create_pedidos_table', 4),
(37, '2019_11_29_150557_create_apartados_table', 4);

-- --------------------------------------------------------

--
-- Table structure for table `password_resets`
--

CREATE TABLE `password_resets` (
  `email` varchar(191) COLLATE utf8mb4_unicode_ci NOT NULL,
  `token` varchar(191) COLLATE utf8mb4_unicode_ci NOT NULL,
  `created_at` timestamp NULL DEFAULT NULL
) ENGINE=InnoDB DEFAULT CHARSET=utf8mb4 COLLATE=utf8mb4_unicode_ci;

-- --------------------------------------------------------

--
-- Table structure for table `pedidos`
--

CREATE TABLE `pedidos` (
  `id` bigint(20) UNSIGNED NOT NULL,
  `titulo` varchar(255) COLLATE utf8mb4_unicode_ci NOT NULL,
  `autor` varchar(255) COLLATE utf8mb4_unicode_ci NOT NULL,
  `edicion` varchar(255) COLLATE utf8mb4_unicode_ci NOT NULL,
  `fecha_publicacion` varchar(255) COLLATE utf8mb4_unicode_ci NOT NULL,
  `editorial` varchar(255) COLLATE utf8mb4_unicode_ci NOT NULL,
  `tipo_material` varchar(255) COLLATE utf8mb4_unicode_ci NOT NULL,
  `academia` varchar(255) COLLATE utf8mb4_unicode_ci NOT NULL,
  `ejemplares` varchar(255) COLLATE utf8mb4_unicode_ci NOT NULL,
  `created_at` timestamp NULL DEFAULT NULL,
  `updated_at` timestamp NULL DEFAULT NULL
) ENGINE=InnoDB DEFAULT CHARSET=utf8mb4 COLLATE=utf8mb4_unicode_ci;

--
-- Dumping data for table `pedidos`
--

INSERT INTO `pedidos` (`id`, `titulo`, `autor`, `edicion`, `fecha_publicacion`, `editorial`, `tipo_material`, `academia`, `ejemplares`, `created_at`, `updated_at`) VALUES
(1, 'a', 'a', 'a', 'a', 'a', 'a', '6', 'a', '2019-11-30 01:36:36', '2019-11-30 01:36:36');

-- --------------------------------------------------------

--
-- Table structure for table `prestamos`
--

CREATE TABLE `prestamos` (
  `id` bigint(20) UNSIGNED NOT NULL,
  `isbn_libro` varchar(255) COLLATE utf8mb4_unicode_ci NOT NULL,
  `id_usuario` bigint(20) NOT NULL,
  `estado` varchar(255) COLLATE utf8mb4_unicode_ci NOT NULL,
  `fecha_prestamo` date NOT NULL,
  `fecha_entrega` date NOT NULL,
  `created_at` timestamp NULL DEFAULT NULL,
  `updated_at` timestamp NULL DEFAULT NULL
) ENGINE=InnoDB DEFAULT CHARSET=utf8mb4 COLLATE=utf8mb4_unicode_ci;

-- --------------------------------------------------------

--
-- Table structure for table `prestamos2`
--

CREATE TABLE `prestamos2` (
  `id` bigint(20) UNSIGNED NOT NULL,
  `isbn_libro` bigint(20) UNSIGNED NOT NULL,
  `no_control` bigint(20) UNSIGNED NOT NULL,
  `estado` varchar(255) COLLATE utf8mb4_unicode_ci NOT NULL,
  `fecha_prestamo` date NOT NULL,
  `fecha_entrega` date NOT NULL,
  `created_at` timestamp NULL DEFAULT NULL,
  `updated_at` timestamp NULL DEFAULT NULL
) ENGINE=InnoDB DEFAULT CHARSET=utf8mb4 COLLATE=utf8mb4_unicode_ci;

-- --------------------------------------------------------

--
-- Table structure for table `roles`
--

CREATE TABLE `roles` (
  `id` bigint(20) UNSIGNED NOT NULL,
  `name` varchar(191) COLLATE utf8mb4_unicode_ci NOT NULL,
  `description` varchar(191) COLLATE utf8mb4_unicode_ci NOT NULL,
  `created_at` timestamp NULL DEFAULT NULL,
  `updated_at` timestamp NULL DEFAULT NULL
) ENGINE=InnoDB DEFAULT CHARSET=utf8mb4 COLLATE=utf8mb4_unicode_ci;

--
-- Dumping data for table `roles`
--

INSERT INTO `roles` (`id`, `name`, `description`, `created_at`, `updated_at`) VALUES
(1, 'Admin', 'Administrador', NULL, NULL),
(2, 'Manejador', 'Manejador del Sistema', NULL, NULL),
(3, 'Prestador', 'Prestador libros', NULL, NULL),
(4, 'Procesador', 'Procesador libros', NULL, NULL),
(5, 'Maestro', 'Maestro del ITM', NULL, NULL),
(6, 'Investigador', 'Investigador del ITM', NULL, NULL),
(7, 'Estudiante', 'Estudiante del ITM', NULL, NULL),
(8, 'Registrador', 'Registrador libros', NULL, NULL);

-- --------------------------------------------------------

--
-- Table structure for table `role_user`
--

CREATE TABLE `role_user` (
  `id` bigint(20) UNSIGNED NOT NULL,
  `user_id` bigint(20) UNSIGNED NOT NULL,
  `role_id` bigint(20) UNSIGNED NOT NULL,
  `created_at` timestamp NULL DEFAULT NULL,
  `updated_at` timestamp NULL DEFAULT NULL
) ENGINE=InnoDB DEFAULT CHARSET=utf8mb4 COLLATE=utf8mb4_unicode_ci;

--
-- Dumping data for table `role_user`
--

INSERT INTO `role_user` (`id`, `user_id`, `role_id`, `created_at`, `updated_at`) VALUES
(1, 3, 1, NULL, NULL),
(2, 4, 2, NULL, NULL),
(3, 5, 3, NULL, NULL),
(4, 6, 7, NULL, NULL),
(5, 7, 6, NULL, NULL);

-- --------------------------------------------------------

--
-- Table structure for table `users`
--

CREATE TABLE `users` (
  `id` bigint(20) UNSIGNED NOT NULL,
  `name` varchar(191) COLLATE utf8mb4_unicode_ci NOT NULL,
  `email` varchar(191) COLLATE utf8mb4_unicode_ci NOT NULL,
  `apellido_p` varchar(191) COLLATE utf8mb4_unicode_ci NOT NULL,
  `apellido_m` varchar(191) COLLATE utf8mb4_unicode_ci NOT NULL,
  `nocontrol` text COLLATE utf8mb4_unicode_ci,
  `colonia` text COLLATE utf8mb4_unicode_ci NOT NULL,
  `calle` text COLLATE utf8mb4_unicode_ci NOT NULL,
  `telefono` text COLLATE utf8mb4_unicode_ci NOT NULL,
  `email_verified_at` timestamp NULL DEFAULT NULL,
  `password` varchar(191) COLLATE utf8mb4_unicode_ci NOT NULL,
  `remember_token` varchar(100) COLLATE utf8mb4_unicode_ci DEFAULT NULL,
  `created_at` timestamp NULL DEFAULT NULL,
  `updated_at` timestamp NULL DEFAULT NULL
) ENGINE=InnoDB DEFAULT CHARSET=utf8mb4 COLLATE=utf8mb4_unicode_ci;

--
-- Dumping data for table `users`
--

INSERT INTO `users` (`id`, `name`, `email`, `apellido_p`, `apellido_m`, `nocontrol`, `colonia`, `calle`, `telefono`, `email_verified_at`, `password`, `remember_token`, `created_at`, `updated_at`) VALUES
(3, 'Marco', 'ma@gmail.com', 'Casta', 'Pasc', '', '', '', '', NULL, '$2y$10$K/zgxgbB0oMleTUzUmhuKObYkIwWOTebMrgNlQguu1jZAD2iBwFva', NULL, '2019-11-29 13:03:23', '2019-11-29 13:03:23'),
(4, 'Javier', 'ja@gmail.com', 'Rodriguez', 'Baez', '', '', '', '', NULL, '$2y$10$dIDk9LVEPiEgW37./4L8h.i0soYlUW5R1WExipGueNKUO7qqiwETy', NULL, '2019-11-29 13:38:25', '2019-11-29 13:38:25'),
(5, 'Leo', 'le@gmail.com', 'Perez', 'Gutierrez', '', '', '', '', NULL, '$2y$10$6mdcD98ra2ADsW0ZyWIGsu9S1.G1VY5pjbsWfj20RQTj4KJcsrgXa', NULL, '2019-11-29 13:39:44', '2019-11-29 13:39:44'),
(6, 'Roberto', 'ro@gmail.com', 'Casta', 'Reyes', '16121293', 'jac', 'azul', '4431312331', NULL, '$2y$10$f.0kNCfYwzU3TJ3AuK4jhOY5wGfThQUN6E56JWrDCTWWMvGJaY/ni', NULL, '2019-12-04 03:00:14', '2019-12-04 03:00:14'),
(7, 'Jeny', 'je@gmail.com', 'Al', 'Ma', NULL, 'ja', 'ja', '123132', NULL, '$2y$10$kiTOkr29Evk.WLvteOOmfO30RWk0C3.488HWHbneB7Srm6.RWa/wS', NULL, '2019-12-04 03:02:48', '2019-12-04 03:02:48');

--
-- Indexes for dumped tables
--

--
-- Indexes for table `apartados`
--
ALTER TABLE `apartados`
  ADD PRIMARY KEY (`id`);

--
-- Indexes for table `clientes`
--
ALTER TABLE `clientes`
  ADD PRIMARY KEY (`id`);

--
-- Indexes for table `failed_jobs`
--
ALTER TABLE `failed_jobs`
  ADD PRIMARY KEY (`id`);

--
-- Indexes for table `libros`
--
ALTER TABLE `libros`
  ADD PRIMARY KEY (`id`);

--
-- Indexes for table `migrations`
--
ALTER TABLE `migrations`
  ADD PRIMARY KEY (`id`);

--
-- Indexes for table `password_resets`
--
ALTER TABLE `password_resets`
  ADD KEY `password_resets_email_index` (`email`);

--
-- Indexes for table `pedidos`
--
ALTER TABLE `pedidos`
  ADD PRIMARY KEY (`id`);

--
-- Indexes for table `prestamos`
--
ALTER TABLE `prestamos`
  ADD PRIMARY KEY (`id`);

--
-- Indexes for table `prestamos2`
--
ALTER TABLE `prestamos2`
  ADD PRIMARY KEY (`id`),
  ADD KEY `prestamos2_isbn_libro_foreign` (`isbn_libro`),
  ADD KEY `prestamos2_no_control_foreign` (`no_control`);

--
-- Indexes for table `roles`
--
ALTER TABLE `roles`
  ADD PRIMARY KEY (`id`);

--
-- Indexes for table `role_user`
--
ALTER TABLE `role_user`
  ADD PRIMARY KEY (`id`),
  ADD KEY `role_user_user_id_foreign` (`user_id`),
  ADD KEY `role_user_role_id_foreign` (`role_id`);

--
-- Indexes for table `users`
--
ALTER TABLE `users`
  ADD PRIMARY KEY (`id`),
  ADD UNIQUE KEY `users_email_unique` (`email`);

--
-- AUTO_INCREMENT for dumped tables
--

--
-- AUTO_INCREMENT for table `apartados`
--
ALTER TABLE `apartados`
  MODIFY `id` bigint(20) UNSIGNED NOT NULL AUTO_INCREMENT, AUTO_INCREMENT=4;

--
-- AUTO_INCREMENT for table `clientes`
--
ALTER TABLE `clientes`
  MODIFY `id` bigint(20) UNSIGNED NOT NULL AUTO_INCREMENT;

--
-- AUTO_INCREMENT for table `failed_jobs`
--
ALTER TABLE `failed_jobs`
  MODIFY `id` bigint(20) UNSIGNED NOT NULL AUTO_INCREMENT;

--
-- AUTO_INCREMENT for table `libros`
--
ALTER TABLE `libros`
  MODIFY `id` bigint(20) UNSIGNED NOT NULL AUTO_INCREMENT, AUTO_INCREMENT=4;

--
-- AUTO_INCREMENT for table `migrations`
--
ALTER TABLE `migrations`
  MODIFY `id` int(10) UNSIGNED NOT NULL AUTO_INCREMENT, AUTO_INCREMENT=38;

--
-- AUTO_INCREMENT for table `pedidos`
--
ALTER TABLE `pedidos`
  MODIFY `id` bigint(20) UNSIGNED NOT NULL AUTO_INCREMENT, AUTO_INCREMENT=2;

--
-- AUTO_INCREMENT for table `prestamos`
--
ALTER TABLE `prestamos`
  MODIFY `id` bigint(20) UNSIGNED NOT NULL AUTO_INCREMENT;

--
-- AUTO_INCREMENT for table `prestamos2`
--
ALTER TABLE `prestamos2`
  MODIFY `id` bigint(20) UNSIGNED NOT NULL AUTO_INCREMENT;

--
-- AUTO_INCREMENT for table `roles`
--
ALTER TABLE `roles`
  MODIFY `id` bigint(20) UNSIGNED NOT NULL AUTO_INCREMENT, AUTO_INCREMENT=9;

--
-- AUTO_INCREMENT for table `role_user`
--
ALTER TABLE `role_user`
  MODIFY `id` bigint(20) UNSIGNED NOT NULL AUTO_INCREMENT, AUTO_INCREMENT=6;

--
-- AUTO_INCREMENT for table `users`
--
ALTER TABLE `users`
  MODIFY `id` bigint(20) UNSIGNED NOT NULL AUTO_INCREMENT, AUTO_INCREMENT=8;

--
-- Constraints for dumped tables
--

--
-- Constraints for table `prestamos2`
--
ALTER TABLE `prestamos2`
  ADD CONSTRAINT `prestamos2_isbn_libro_foreign` FOREIGN KEY (`isbn_libro`) REFERENCES `libros` (`id`) ON DELETE CASCADE ON UPDATE CASCADE,
  ADD CONSTRAINT `prestamos2_no_control_foreign` FOREIGN KEY (`no_control`) REFERENCES `clientes` (`id`) ON DELETE CASCADE ON UPDATE CASCADE;

--
-- Constraints for table `role_user`
--
ALTER TABLE `role_user`
  ADD CONSTRAINT `role_user_role_id_foreign` FOREIGN KEY (`role_id`) REFERENCES `roles` (`id`),
  ADD CONSTRAINT `role_user_user_id_foreign` FOREIGN KEY (`user_id`) REFERENCES `users` (`id`);
COMMIT;

/*!40101 SET CHARACTER_SET_CLIENT=@OLD_CHARACTER_SET_CLIENT */;
/*!40101 SET CHARACTER_SET_RESULTS=@OLD_CHARACTER_SET_RESULTS */;
/*!40101 SET COLLATION_CONNECTION=@OLD_COLLATION_CONNECTION */;
